{"car": [-0.17074475875418035, -0.17024897665731492, -0.3994820129269186, -0.19759903210925858, 0.14668932159696652, 0.042224745768723974, -1.7521011316717476e-14, 6.296475831882644e-17], "cat": [-0.22034641059371987, -0.2493388814975677, 0.33729361053721285, -0.2206791207115466, 0.05849220076186425, 0.05882532616266023, -0.26992774349061255, -0.5001943822436191], "dog": [-0.22034641059372015, -0.24933888149756744, 0.3372936105372125, -0.22067912071154636, 0.058492200761864656, 0.05882532616266049, -0.2699277434906123, -0.5001943822436196], "drives": [-0.2358295841323867, -0.18528403125216167, -0.44375664547787397, -0.40893544476686094, -0.21029239444549278, -0.44928750051095795, -0.8264456887556536, 0.1710894709896417], "eats": [-0.20038667870233395, -0.3328293539303088, 0.3989840950650282, -0.041551503690289066, 0.5129247410658135, -0.3538915755540378, 0.3029171410866477, 0.026876300675820246], "fast": [-0.10565993337597417, -0.15521392206246906, -0.3552073803759644, 0.013737380548335069, 0.5036710376394545, 0.533736992048193, -0.13658003861972606, 0.30158721672767386], "food": [-0.20038667870233395, -0.3328293539303088, 0.39898409506502824, -0.041551503690288885, 0.5129247410658142, -0.35389157555411493, -0.032989397595900964, 0.4733180815677974], "is": [-0.10565993337597417, -0.15521392206246906, -0.3552073803759644, 0.013737380548334998, 0.5036710376394542, 0.5337369920482515, 0.1365800386195146, -0.30158721672767164], "mat": [-0.2403061424851064, -0.16584840906482606, 0.27560312600939707, -0.39980673773280384, -0.395940339542085, 0.47154222787956834, 0.1672891410629191, 0.7931125084374521], "on": [-0.4423200119732932, -0.6795000907226706, -0.12636804837116175, 0.9057758687060197, -0.43178115058306904, 0.014880796950132417, -3.2121871092359716e-15, -5.453406400207278e-18], "road": [-0.23582958413238672, -0.1852840312521615, -0.44375664547787363, -0.408935444766861, -0.21029239444549339, -0.4492875005106173, 0.8264456887558482, -0.1710894709896434], "sits": [-0.2403061424851064, -0.165848409064826, 0.2756031260093971, -0.39980673773280384, -0.3959403395420849, 0.4715422278795552, 0.10263860242748599, -0.29291812619383023], "the": [-1.0, 0.801865202136412, 0.03567498686194727, 0.16286684506062488, 0.09259334509088143, -0.032602615235168546, 6.6366852818032195e-15, -1.8028740381765255e-16], "truck": [-0.17074475875418024, -0.17024897665731542, -0.3994820129269188, -0.19759903210925847, 0.14668932159696682, 0.04222474576872333, -1.7589263095462435e-14, -1.4713162061669504e-16]}